"Answer a Form","Form","true"
"Answer a Form","FormField","false"
"Recieving a file from another user","FileTransferRequest","false"
"Recieving a file from another user - part 2","FileTransferRequest","false"
"Recieving a file from another user - part 2","IncomingFileTransfer","false"
"Monitoring the progress of a file transfer","IncomingFileTransfer","false"
"Monitoring the progress of a file transfer","OutgoingFileTransfer","false"
"Monitoring the progress of a file transfer","FileTransfer","true"
"Processing Incoming Packets","PacketCollector","true"
"Processing Incoming Packets","PacketListener","true"
"Map Implementations","Map","false"
"General-Purpose Map Implementations","Map","true"
"General-Purpose Map Implementations","HashMap","false"
"General-Purpose Map Implementations","TreeMap","false"
"General-Purpose Map Implementations","LinkedHashMap","true"
"General-Purpose Map Implementations","SortedMap","false"
"General-Purpose Map Implementations","Collection","false"
"General-Purpose Map Implementations","Set","false"
"General-Purpose Map Implementations","LinkedHashSet","false"
"Special-Purpose Map Implementations","Map","true"
"Special-Purpose Map Implementations","EnumMap","true"
"Special-Purpose Map Implementations","WeakHashMap","true"
"Special-Purpose Map Implementations","IdentityHashMap","false"
"Special-Purpose Map Implementations - part 2","IdentityHashMap","true"
"Special-Purpose Map Implementations - part 2","Map","false"
"Concurrent Map Implementations","Map","false"
"Concurrent Map Implementations","ConcurrentMap","true"
"Concurrent Map Implementations","ConcurrentHashMap","true"
"Concurrent Map Implementations","Hashtable","false"
"Questions","Set","false"
"Questions","Map","false"
"Questions","HashSet","false"
"Questions","ArrayList","false"
"Questions","LinkedList","false"
"Questions","HashMap","false"
"Questions","TreeSet","false"
"Questions","Comparator","false"
"Questions","Collections","false"
"Exercises","File","false"
"Exercises","ArrayList","true"
"General-Purpose Queue Implementations","Queue","true"
"General-Purpose Queue Implementations","LinkedList","false"
"General-Purpose Queue Implementations","PriorityQueue","true"
"General-Purpose Queue Implementations","Comparator","false"
"General-Purpose Queue Implementations","ArrayList","false"
"General-Purpose Queue Implementations","Collection","false"
"General-Purpose Queue Implementations","Arrays","false"
"Concurrent Queue Implementations","Queue","false"
"Concurrent Queue Implementations","BlockingQueue","true"
"Concurrent Queue Implementations","LinkedBlockingQueue","false"
"Concurrent Queue Implementations","ArrayBlockingQueue","false"
"Concurrent Queue Implementations","PriorityBlockingQueue","false"
"Concurrent Queue Implementations","DelayQueue","false"
"Concurrent Queue Implementations","SynchronousQueue","false"
"Concurrent Queue Implementations","TransferQueue","true"
"Concurrent Queue Implementations","ArrayList","false"
"Set Implementations","Set","false"
"General-Purpose Set Implementations","Set","false"
"General-Purpose Set Implementations","HashSet","true"
"General-Purpose Set Implementations","TreeSet","true"
"General-Purpose Set Implementations","LinkedHashSet","true"
"General-Purpose Set Implementations","SortedSet","false"
"General-Purpose Set Implementations - part 2","HashSet","true"
"General-Purpose Set Implementations - part 2","ArrayList","false"
"General-Purpose Set Implementations - part 3","HashSet","true"
"General-Purpose Set Implementations - part 3","LinkedHashSet","false"
"General-Purpose Set Implementations - part 3","TreeSet","false"
"Special-Purpose Set Implementations","Set","false"
"Special-Purpose Set Implementations","EnumSet","true"
"Special-Purpose Set Implementations","CopyOnWriteArraySet","true"
"Summary of Implementations","Set","false"
"Summary of Implementations","HashSet","false"
"Summary of Implementations","List","false"
"Summary of Implementations","ArrayList","false"
"Summary of Implementations","Map","false"
"Summary of Implementations","HashMap","false"
"Summary of Implementations","Queue","false"
"Summary of Implementations","LinkedList","false"
"Summary of Implementations","Deque","false"
"Summary of Implementations","ArrayDeque","false"
"Summary of Implementations - part 2","Collections","false"
"Summary of Implementations - part 2","Collection","false"
"Wrapper Implementations","Collections","false"
"Synchronization Wrappers","Collection","true"
"Synchronization Wrappers","Set","false"
"Synchronization Wrappers","Map","false"
"Synchronization Wrappers","SortedSet","false"
"Synchronization Wrappers","SortedMap","false"
"Synchronization Wrappers","Vector","false"
"Synchronization Wrappers - part 2","Collection","false"
"Synchronization Wrappers - part 2","Map","false"
"Synchronization Wrappers - part 2","ArrayList","false"
"Unmodifiable Wrappers","UnsupportedOperationException","false"
"Unmodifiable Wrappers","Collection","false"
"Checked Interface Wrappers","Collections","false"
"Checked Interface Wrappers","ClassCastException","false"
"Parameters","Set","false"
"Parameters","Collection","false"
"Parameters","Map","false"
"Parameters","List","false"
"Return Values","Collection","false"
"Return Values - part 2","SortedMap","false"
"Return Values - part 2","Map","false"
"Compatibility","Vector","false"
"Compatibility","Hashtable","false"
"Compatibility","Enumeration","false"
"Upward Compatibility","Collection","false"
"Upward Compatibility","Arrays","false"
"Upward Compatibility","Vector","false"
"Upward Compatibility","Hashtable","false"
"Upward Compatibility","Map","false"
"Upward Compatibility","Enumeration","false"
"Upward Compatibility","Collections","false"
"Backward Compatibility","Collection","true"
"Backward Compatibility","Object","false"
"Backward Compatibility","Vector","false"
"Backward Compatibility","String","false"
"Backward Compatibility","Hashtable","false"
"Backward Compatibility - part 2","Enumeration","false"
"Backward Compatibility - part 2","Collections","false"
"Backward Compatibility - part 2","Collection","false"
"What Is a Collections Framework?","Collections","true"
"Benefits of the Java Collections Framework","Collections","true"
