"governor","relation","dependant","positive","negative","functional","structural","descriptive","instructions","interCLT","other"
"create","agent","clt",1,0,0,0,0,0,1,0
"create","agent","clt",1,0,0,0,0,0,1,0
"create","agent","clt",1,0,0,0,0,0,1,0
"define","agent","clt",0,1,0,0,0,0,1,0
"define","agent","clt",0,1,0,0,0,0,1,0
"define","agent","clt",0,1,0,0,0,0,1,0
"determine","agent","clt",0,1,0,0,0,0,1,0
"determine","agent","clt",0,1,0,0,0,0,1,0
"generate","agent","clt",0,1,0,0,0,0,1,0
"generate","agent","clt",0,1,0,0,0,0,1,0
"provide","agent","clt",0,1,0,0,0,0,1,0
"provide","agent","clt",0,1,0,0,0,0,1,0
"represent","agent","clt",1,0,0,0,1,0,0,0
"represent","agent","clt",1,0,0,0,1,0,0,0
"represent","agent","clt",1,0,0,0,1,0,0,0
"return","agent","clt",0,1,1,0,0,0,0,0
"return","agent","clt",0,1,1,0,0,0,0,0
"return","agent","clt",0,1,1,0,0,0,0,0
"return","agent","clt",0,1,1,0,0,0,0,0
"return","agent","clt",0,1,1,0,0,0,0,0
"share","agent","clt",0,1,0,1,0,0,0,0
"share","agent","clt",0,1,0,1,0,0,0,0
"share","agent","clt",0,1,0,1,0,0,0,0
"specify","agent","clt",0,1,0,0,1,0,0,0
"specify","agent","clt",0,1,0,0,1,0,0,0
"specify","agent","clt",1,0,0,0,1,0,0,0
"specify","agent","clt",0,1,0,0,1,0,0,0
"specify","agent","clt",0,1,0,0,1,0,0,0
"use","agent","clt",1,0,0,0,1,0,0,0
"use","agent","clt",1,0,0,0,1,0,0,0
"use","agent","clt",1,0,0,0,1,0,0,0
"reference","agent_MD","clt",1,0,0,0,1,0,0,0
"reference","agent_MD","clt",1,0,0,0,1,0,0,0
"clt","amod","use",1,0,0,0,0,1,0,0
"clt","amod","use",1,0,0,0,0,1,0,0
"clt","amod","use",1,0,0,0,0,1,0,0
"accept","dobj","clt",0,1,0,0,0,0,1,0
"accept","dobj","clt",0,1,0,0,0,0,1,0
"add","dobj","clt",1,0,0,0,1,0,0,0
"add","dobj","clt",0,1,0,0,0,0,1,0
"add","dobj","clt",1,0,0,0,0,1,0,0
"add","dobj","clt",1,0,0,0,0,1,0,0
"add","dobj","clt",0,1,0,0,0,0,1,0
"add","dobj","clt",1,0,0,0,0,1,0,0
"call","dobj","clt",0,1,0,0,0,0,0,1
"call","dobj","clt",0,1,0,0,0,0,0,1
"call","dobj","clt",0,1,0,0,0,0,0,1
"call","dobj","clt",0,1,0,0,0,0,0,1
"call","dobj","clt",1,0,0,0,0,1,0,0
"call","dobj","clt",1,0,0,0,0,1,0,0
"call","dobj","clt",1,0,0,0,1,0,0,0
"call","dobj","clt",1,0,0,0,0,1,0,0
"call","dobj","clt",0,1,0,0,0,0,1,0
"call","dobj","clt",1,0,0,0,0,1,0,0
"call","dobj","clt",1,0,0,0,0,0,1,0
"call","dobj","clt",1,0,0,0,0,1,0,0
"call","dobj","clt",0,1,0,0,0,0,1,0
"call","dobj","clt",0,1,0,0,0,0,1,0
"call","dobj","clt",0,1,0,0,0,0,1,0
"call","dobj","clt",0,1,0,0,0,0,1,0
"call","dobj","clt",1,0,0,0,0,0,1,0
"change","dobj","clt",1,0,0,0,0,0,0,1
"change","dobj","clt",1,0,0,0,0,1,0,0
"configure","dobj","clt",1,0,0,0,0,1,0,0
"configure","dobj","clt",1,0,0,0,0,1,0,0
"consider","dobj","clt",0,1,0,0,0,0,0,1
"consider","dobj","clt",1,0,0,0,0,1,0,0
"consider","dobj","clt",1,0,0,0,0,1,0,0
"contain","dobj","clt",0,1,0,1,0,0,0,0
"contain","dobj","clt",0,1,0,1,0,0,0,0
"contain","dobj","clt",0,1,0,1,0,0,0,0
"contain","dobj","clt",0,1,0,1,0,0,0,0
"contain","dobj","clt",0,1,0,1,0,0,0,0
"contain","dobj","clt",0,1,0,1,0,0,0,0
"contain","dobj","clt",0,1,0,1,0,0,0,0
"contain","dobj","clt",0,1,0,1,0,0,0,0
"contain","dobj","clt",0,1,0,1,0,0,0,0
"contain","dobj","clt",0,1,0,1,0,0,0,0
"contain","dobj","clt",0,1,0,1,0,0,0,0
"contain","dobj","clt",0,1,0,1,0,0,0,0
"contain","dobj","clt",0,1,0,1,0,0,0,0
"contain","dobj","clt",0,1,0,1,0,0,0,0
"contain","dobj","clt",0,1,0,1,0,0,0,0
"contain","dobj","clt",0,1,0,1,0,0,0,0
"contain","dobj","clt",0,1,0,1,0,0,0,0
"contain","dobj","clt",0,1,0,1,0,0,0,0
"contain","dobj","clt",0,1,0,1,0,0,0,0
"contain","dobj","clt",0,1,0,1,0,0,0,0
"create","dobj","clt",1,0,0,0,0,0,1,0
"create","dobj","clt",1,0,0,0,0,1,0,0
"create","dobj","clt",0,1,0,0,0,0,1,0
"create","dobj","clt",1,0,0,0,0,0,1,0
"create","dobj","clt",1,0,0,0,0,0,1,0
"create","dobj","clt",1,0,0,0,0,1,0,0
"create","dobj","clt",1,0,0,0,0,0,1,0
"create","dobj","clt",1,0,0,0,0,0,1,0
"create","dobj","clt",1,0,0,0,0,1,0,0
"create","dobj","clt",1,0,0,0,0,1,0,0
"create","dobj","clt",0,1,0,0,1,0,0,0
"create","dobj","clt",1,0,0,0,0,1,0,0
"create","dobj","clt",1,0,0,0,0,1,0,0
"create","dobj","clt",1,0,0,0,0,0,1,0
"create","dobj","clt",1,0,0,0,0,0,1,0
"create","dobj","clt",1,0,0,0,0,0,1,0
"create","dobj","clt",1,0,0,0,0,0,1,0
"create","dobj","clt",1,0,0,0,0,1,0,0
"create","dobj","clt",1,0,0,0,0,1,0,0
"create","dobj","clt",1,0,0,0,0,0,1,0
"create","dobj","clt",1,0,0,0,0,1,0,0
"create","dobj","clt",1,0,0,0,0,1,0,0
"create","dobj","clt",1,0,0,0,0,1,0,0
"create","dobj","clt",1,0,0,0,0,1,0,0
"create","dobj","clt",1,0,0,0,0,1,0,0
"create","dobj","clt",0,1,0,0,0,0,1,0
"create","dobj","clt",1,0,0,0,0,1,0,0
"create","dobj","clt",1,0,0,0,0,1,0,0
"create","dobj","clt",1,0,0,0,0,1,0,0
"create","dobj","clt",1,0,0,0,0,1,0,0
"create","dobj","clt",1,0,0,0,0,1,0,0
"define","dobj","clt",0,1,0,0,0,0,1,0
"define","dobj","clt",0,1,0,0,0,0,1,0
"define","dobj","clt",0,1,0,0,0,0,1,0
"define","dobj","clt",0,1,0,0,0,0,1,0
"define","dobj","clt",0,1,0,0,0,0,1,0
"define","dobj","clt",0,1,0,0,0,0,1,0
"define","dobj","clt",0,1,0,0,0,0,1,0
"define","dobj","clt",0,1,0,0,0,0,1,0
"define","dobj","clt",0,1,0,0,0,0,1,0
"define","dobj","clt",0,1,0,0,0,0,1,0
"define","dobj","clt",0,1,0,0,0,0,1,0
"define","dobj","clt",0,1,0,0,0,0,1,0
"extend","dobj","clt",0,1,0,1,0,0,0,0
"extend","dobj","clt",0,1,0,1,0,0,0,0
"extend","dobj","clt",0,1,0,1,0,0,0,0
"extend","dobj","clt",0,1,0,1,0,0,0,0
"extend","dobj","clt",0,1,0,1,0,0,0,0
"extend","dobj","clt",0,1,0,1,0,0,0,0
"extend","dobj","clt",0,1,0,1,0,0,0,0
"extend","dobj","clt",0,1,0,1,0,0,0,0
"follow","dobj","clt",0,1,0,0,1,0,0,0
"follow","dobj","clt",0,1,0,0,1,0,0,0
"generate","dobj","clt",0,1,0,0,0,0,0,1
"generate","dobj","clt",0,1,0,0,0,0,0,1
"generate","dobj","clt",0,1,0,0,0,0,0,1
"get","dobj","clt",0,1,0,0,0,0,1,0
"get","dobj","clt",1,0,0,0,1,0,0,0
"get","dobj","clt",1,0,0,0,1,0,0,0
"get","dobj","clt",1,0,0,0,1,0,0,0
"get","dobj","clt",1,0,0,0,1,0,0,0
"get","dobj","clt",1,0,0,0,1,0,0,0
"get","dobj","clt",1,0,0,0,1,0,0,0
"give","dobj","clt",0,1,0,0,1,0,0,0
"give","dobj","clt",0,1,0,0,1,0,0,0
"give","dobj","clt",0,1,0,0,1,0,0,0
"give","dobj","clt",0,1,0,0,0,0,1,0
"have","dobj","clt",1,0,0,1,0,0,0,0
"have","dobj","clt",1,0,0,1,0,0,0,0
"have","dobj","clt",1,0,0,1,0,0,0,0
"have","dobj","clt",0,1,0,1,0,0,0,0
"have","dobj","clt",0,1,0,1,0,0,0,0
"have","dobj","clt",0,1,0,1,0,0,0,0
"have","dobj","clt",0,1,0,1,0,0,0,0
"have","dobj","clt",0,1,0,1,0,0,0,0
"have","dobj","clt",0,1,0,1,0,0,0,0
"have","dobj","clt",0,1,0,1,0,0,0,0
"implement","dobj","clt",0,1,0,0,0,0,1,0
"implement","dobj","clt",0,1,0,1,0,0,0,0
"implement","dobj","clt",0,1,0,1,0,0,0,0
"implement","dobj","clt",0,1,0,1,0,0,0,0
"implement","dobj","clt",0,1,0,1,0,0,0,0
"implement","dobj","clt",0,1,0,1,0,0,0,0
"implement","dobj","clt",0,1,0,1,0,0,0,0
"implement","dobj","clt",0,1,0,1,0,0,0,0
"implement","dobj","clt",0,1,0,1,0,0,0,0
"implement","dobj","clt",0,1,0,1,0,0,0,0
"implement","dobj","clt",0,1,0,1,0,0,0,0
"implement","dobj","clt",0,1,0,1,0,0,0,0
"instantiate","dobj","clt",1,0,0,0,0,0,1,0
"instantiate","dobj","clt",1,0,0,0,0,0,1,0
"invoke","dobj","clt",1,0,0,0,0,1,0,0
"invoke","dobj","clt",1,0,0,0,0,1,0,0
"invoke","dobj","clt",1,0,0,0,0,1,0,0
"invoke","dobj","clt",1,0,0,0,0,1,0,0
"invoke","dobj","clt",1,0,0,0,0,1,0,0
"invoke","dobj","clt",1,0,0,0,0,1,0,0
"invoke","dobj","clt",1,0,0,0,0,1,0,0
"invoke","dobj","clt",1,0,0,0,0,1,0,0
"invoke","dobj","clt",1,0,0,0,0,1,0,0
"invoke","dobj","clt",1,0,0,0,0,1,0,0
"invoke","dobj","clt",1,0,0,0,0,0,1,0
"invoke","dobj","clt",1,0,0,0,0,1,0,0
"invoke","dobj","clt",0,1,0,0,0,1,0,0
"invoke","dobj","clt",0,1,0,0,0,0,1,0
"look","dobj","clt",0,1,0,0,0,0,0,1
"look","dobj","clt",0,1,0,0,0,0,0,1
"look","dobj","clt",1,0,0,0,0,0,1,0
"look","dobj","clt",0,1,0,0,1,0,0,0
"note","dobj","clt",1,0,0,0,1,0,0,0
"note","dobj","clt",1,0,0,0,1,0,0,0
"precede","dobj","clt",0,1,0,0,0,0,1,0
"precede","dobj","clt",0,1,0,0,0,0,1,0
"process","dobj","clt",1,0,0,0,0,1,0,0
"process","dobj","clt",1,0,0,0,0,0,1,0
"process","dobj","clt",1,0,0,0,0,0,1,0
"provide","dobj","clt",1,0,0,0,1,0,0,0
"provide","dobj","clt",1,0,0,0,1,0,0,0
"provide","dobj","clt",1,0,0,0,1,0,0,0
"reference","dobj","clt",0,1,0,0,0,0,1,0
"reference","dobj","clt",1,0,0,0,0,0,1,0
"register","dobj","clt",0,1,0,0,0,0,0,1
"register","dobj","clt",1,0,0,0,0,1,0,0
"register","dobj","clt",1,0,0,0,0,0,1,0
"remove","dobj","clt",0,1,0,0,0,0,1,0
"remove","dobj","clt",0,1,0,0,0,0,1,0
"replace","dobj","clt",1,0,0,0,0,0,0,1
"replace","dobj","clt",0,1,0,0,0,0,0,1
"replace","dobj","clt",0,1,0,0,0,0,0,1
"replace","dobj","clt",0,1,0,0,0,0,1,0
"replace","dobj","clt",0,1,0,0,0,0,1,0
"require","dobj","clt",0,1,0,0,0,0,1,0
"require","dobj","clt",0,1,0,0,0,0,1,0
"require","dobj","clt",0,1,0,0,0,0,1,0
"require","dobj","clt",0,1,0,0,0,0,1,0
"require","dobj","clt",0,1,0,0,0,0,1,0
"return","dobj","clt",0,1,0,0,0,0,1,0
"return","dobj","clt",0,1,0,0,0,0,1,0
"return","dobj","clt",0,1,0,0,0,0,1,0
"return","dobj","clt",0,1,0,0,0,0,1,0
"return","dobj","clt",0,1,0,0,0,0,1,0
"return","dobj","clt",0,1,0,0,0,0,1,0
"return","dobj","clt",0,1,0,1,0,0,0,0
"reuse","dobj","clt",1,0,0,0,0,0,1,0
"reuse","dobj","clt",1,0,0,0,0,0,1,0
"run","dobj","clt",1,0,0,0,0,1,0,0
"run","dobj","clt",0,1,0,0,0,1,0,0
"run","dobj","clt",1,0,0,0,0,1,0,0
"run","dobj","clt",1,0,0,0,0,1,0,0
"run","dobj","clt",1,0,0,0,0,1,0,0
"run","dobj","clt",1,0,0,0,0,1,0,0
"run","dobj","clt",1,0,0,0,0,1,0,0
"run","dobj","clt",1,0,0,0,0,1,0,0
"select","dobj","clt",0,1,0,0,0,0,1,0
"select","dobj","clt",0,1,0,0,0,0,1,0
"select","dobj","clt",0,1,0,0,0,0,1,0
"select","dobj","clt",0,1,0,0,0,0,1,0
"select","dobj","clt",0,1,0,0,0,0,1,0
"select","dobj","clt",0,1,0,0,0,0,1,0
"select","dobj","clt",0,1,0,0,0,0,1,0
"select","dobj","clt",0,1,0,0,0,0,1,0
"select","dobj","clt",0,1,0,0,0,0,1,0
"set","dobj","clt",1,0,0,0,0,1,0,0
"set","dobj","clt",1,0,0,0,0,1,0,0
"set","dobj","clt",1,0,0,0,0,1,0,0
"set","dobj","clt",1,0,0,0,0,1,0,0
"set","dobj","clt",0,1,0,0,0,0,1,0
"set","dobj","clt",1,0,0,0,0,1,0,0
"set","dobj","clt",0,1,0,0,1,0,0,0
"set","dobj","clt",1,0,0,0,0,1,0,0
"set","dobj","clt",1,0,0,0,0,1,0,0
"set","dobj","clt",1,0,0,0,0,0,1,0
"specify","dobj","clt",0,1,0,0,0,1,0,0
"specify","dobj","clt",1,0,0,0,1,0,0,0
"specify","dobj","clt",1,0,0,0,1,0,0,0
"specify","dobj","clt",1,0,0,0,1,0,0,0
"specify","dobj","clt",0,1,0,0,0,0,1,0
"specify","dobj","clt",0,1,0,0,0,0,1,0
"specify","dobj","clt",1,0,0,0,1,0,0,0
"specify","dobj","clt",1,0,0,0,1,0,0,0
"supply","dobj","clt",1,0,0,0,0,1,0,0
"supply","dobj","clt",1,0,0,0,0,1,0,0
"take","dobj","clt",0,1,0,0,0,0,1,0
"take","dobj","clt",0,1,0,0,0,0,1,0
"take","dobj","clt",0,1,0,0,0,0,1,0
"take","dobj","clt",0,1,0,0,0,0,1,0
"tell","dobj","clt",1,0,0,0,0,0,1,0
"tell","dobj","clt",1,0,0,0,0,0,1,0
"use","dobj","clt",1,0,0,0,0,1,0,0
"use","dobj","clt",1,0,0,0,0,1,0,0
"use","dobj","clt",1,0,0,0,0,0,1,0
"use","dobj","clt",1,0,0,0,0,1,0,0
"use","dobj","clt",1,0,0,0,0,1,0,0
"use","dobj","clt",1,0,0,0,0,1,0,0
"use","dobj","clt",0,1,0,0,0,1,0,0
"use","dobj","clt",0,1,0,0,0,1,0,0
"use","dobj","clt",0,1,0,0,0,0,1,0
"use","dobj","clt",0,1,0,0,0,0,1,0
"use","dobj","clt",0,1,0,0,0,0,1,0
"use","dobj","clt",0,1,0,0,0,0,1,0
"use","dobj","clt",1,0,0,0,0,1,0,0
"use","dobj","clt",1,0,0,0,0,1,0,0
"use","dobj","clt",1,0,0,0,0,0,1,0
"use","dobj","clt",1,0,0,0,0,0,1,0
"use","dobj","clt",1,0,0,0,0,1,0,0
"use","dobj","clt",1,0,0,0,0,1,0,0
"use","dobj","clt",1,0,0,0,0,1,0,0
"use","dobj","clt",1,0,0,0,0,1,0,0
"use","dobj","clt",1,0,0,0,0,0,1,0
"use","dobj","clt",1,0,0,0,0,0,1,0
"use","dobj","clt",1,0,0,0,0,0,1,0
"use","dobj","clt",1,0,0,0,0,1,0,0
"use","dobj","clt",1,0,0,0,0,1,0,0
"use","dobj","clt",0,1,0,0,0,0,1,0
"use","dobj","clt",0,1,0,0,0,0,1,0
"use","dobj","clt",1,0,0,0,0,1,0,0
"use","dobj","clt",0,1,0,0,0,0,1,0
"use","dobj","clt",0,1,0,0,0,0,1,0
"use","dobj","clt",0,1,0,0,0,0,1,0
"use","dobj","clt",0,1,0,0,0,0,1,0
"use","dobj","clt",1,0,0,0,0,1,0,0
"use","dobj","clt",1,0,0,0,0,1,0,0
"use","dobj","clt",1,0,0,0,0,1,0,0
"use","dobj","clt",1,0,0,0,0,1,0,0
"use","dobj","clt",1,0,0,0,0,1,0,0
"use","dobj","clt",1,0,0,0,0,0,1,0
"use","dobj","clt",1,0,0,0,0,1,0,0
"use","dobj","clt",0,1,0,0,0,0,1,0
"use","dobj","clt",1,0,0,0,0,1,0,0
"use","dobj","clt",1,0,0,0,0,1,0,0
"use","dobj","clt",1,0,0,0,0,1,0,0
"use","dobj","clt",1,0,0,0,0,1,0,0
"use","dobj","clt",1,0,0,0,0,1,0,0
"use","dobj","clt",1,0,0,0,0,1,0,0
"use","dobj","clt",0,1,0,0,0,0,1,0
"use","dobj","clt",0,1,0,0,0,0,1,0
"use","dobj","clt",1,0,0,0,0,1,0,0
"use","dobj","clt",0,1,0,0,0,0,1,0
"use","dobj","clt",1,0,0,0,0,1,0,0
"use","dobj","clt",1,0,0,0,0,1,0,0
"use","dobj","clt",1,0,0,0,0,1,0,0
"use","dobj","clt",1,0,0,0,0,1,0,0
"use","dobj","clt",1,0,0,0,0,1,0,0
"use","dobj","clt",0,1,0,0,0,0,1,0
"use","dobj","clt",1,0,0,0,0,0,1,0
"use","dobj","clt",1,0,0,0,0,0,1,0
"use","dobj","clt",1,0,0,0,0,1,0,0
"use","dobj","clt",0,1,0,0,0,0,1,0
"use","dobj","clt",0,1,0,0,0,0,1,0
"use","dobj","clt",1,0,0,0,0,1,0,0
"use","dobj","clt",0,1,0,0,0,0,1,0
"use","dobj","clt",1,0,0,0,0,1,0,0
"use","dobj","clt",1,0,0,0,0,1,0,0
"use","dobj","clt",1,0,0,0,0,1,0,0
"use","dobj","clt",1,0,0,0,0,1,0,0
"use","dobj","clt",1,0,0,0,0,1,0,0
"use","dobj","clt",1,0,0,0,0,1,0,0
"use","dobj","clt",1,0,0,0,0,1,0,0
"use","dobj","clt",1,0,0,0,0,1,0,0
"use","dobj","clt",1,0,0,0,0,1,0,0
"use","dobj","clt",1,0,0,0,0,1,0,0
"use","dobj","clt",0,1,0,0,0,0,1,0
"use","dobj","clt",0,1,0,0,0,0,1,0
"use","dobj","clt",1,0,0,0,0,1,0,0
"use","dobj","clt",0,1,0,0,0,0,1,0
"use","dobj","clt",0,1,0,0,0,0,1,0
"use","dobj","clt",1,0,0,0,0,1,0,0
"use","dobj","clt",1,0,0,0,0,1,0,0
"use","dobj","clt",0,1,0,0,0,0,1,0
"use","dobj","clt",1,0,0,0,0,1,0,0
"use","dobj","clt",1,0,0,0,0,1,0,0
"use","dobj","clt",1,0,0,0,0,0,1,0
"use","dobj","clt",0,1,0,0,0,0,1,0
"use","dobj","clt",0,1,0,0,0,0,1,0
"use","dobj","clt",1,0,0,0,0,1,0,0
"use","dobj","clt",1,0,0,0,0,1,0,0
"want","dobj","clt",1,0,0,0,0,1,0,0
"want","dobj","clt",1,0,0,0,0,1,0,0
"want","dobj","clt",1,0,0,0,0,1,0,0
"work","dobj","clt",0,1,0,0,0,0,1,0
"work","dobj","clt",0,1,0,0,0,0,1,0
"work","dobj","clt",0,1,0,0,0,0,1,0
"add","dobj_MD","clt",0,1,0,0,0,1,0,0
"add","dobj_MD","clt",0,1,0,0,0,1,0,0
"add","dobj_MD","clt",0,1,0,0,0,1,0,0
"add","dobj_MD","clt",0,1,0,0,0,1,0,0
"add","dobj_MD","clt",0,1,0,0,0,1,0,0
"add","dobj_MD","clt",0,1,0,0,0,1,0,0
"call","dobj_MD","clt",1,0,0,0,0,1,0,0
"call","dobj_MD","clt",1,0,0,0,0,1,0,0
"call","dobj_MD","clt",1,0,0,0,0,0,1,0
"call","dobj_MD","clt",1,0,0,0,0,1,0,0
"call","dobj_MD","clt",1,0,0,0,0,1,0,0
"catch","dobj_MD","clt",0,1,0,0,0,1,0,0
"catch","dobj_MD","clt",0,1,0,0,0,1,0,0
"contain","dobj_MD","clt",0,1,0,1,0,0,0,0
"contain","dobj_MD","clt",0,1,0,1,0,0,0,0
"contain","dobj_MD","clt",0,1,0,1,0,0,0,0
"contain","dobj_MD","clt",0,1,0,1,0,0,0,0
"create","dobj_MD","clt",1,0,0,0,0,1,0,0
"create","dobj_MD","clt",1,0,0,0,0,1,0,0
"get","dobj_MD","clt",0,1,0,0,0,0,1,0
"get","dobj_MD","clt",0,1,0,0,0,0,1,0
"have","dobj_MD","clt",0,1,0,1,0,0,0,0
"have","dobj_MD","clt",0,1,0,1,0,0,0,0
"have","dobj_MD","clt",0,1,0,1,0,0,0,0
"have","dobj_MD","clt",0,1,0,1,0,0,0,0
"implement","dobj_MD","clt",0,1,0,1,0,0,0,0
"implement","dobj_MD","clt",0,1,0,1,0,0,0,0
"insert","dobj_MD","clt",0,1,0,0,0,0,1,0
"insert","dobj_MD","clt",0,1,0,0,0,0,1,0
"invoke","dobj_MD","clt",1,0,0,0,0,1,0,0
"invoke","dobj_MD","clt",1,0,0,0,0,1,0,0
"invoke","dobj_MD","clt",1,0,0,0,0,1,0,0
"return","dobj_MD","clt",0,1,0,0,0,0,1,0
"return","dobj_MD","clt",0,1,0,0,0,0,1,0
"specify","dobj_MD","clt",1,0,0,0,0,1,0,0
"specify","dobj_MD","clt",1,0,0,0,0,1,0,0
"specify","dobj_MD","clt",1,0,0,0,0,1,0,0
"specify","dobj_MD","clt",1,0,0,0,0,1,0,0
"specify","dobj_MD","clt",0,1,0,0,0,0,1,0
"throw","dobj_MD","clt",1,0,0,0,1,0,0,0
"throw","dobj_MD","clt",1,0,0,0,1,0,0,0
"throw","dobj_MD","clt",1,0,0,0,1,0,0,0
"throw","dobj_MD","clt",1,0,0,0,1,0,0,0
"use","dobj_MD","clt",1,0,0,0,0,1,0,0
"use","dobj_MD","clt",1,0,0,0,0,1,0,0
"use","dobj_MD","clt",1,0,0,0,0,1,0,0
"use","dobj_MD","clt",1,0,0,0,0,1,0,0
"use","dobj_MD","clt",1,0,0,0,0,1,0,0
"use","dobj_MD","clt",1,0,0,0,0,1,0,0
"use","dobj_MD","clt",1,0,0,0,0,1,0,0
"use","dobj_MD","clt",1,0,0,0,0,1,0,0
"use","dobj_MD","clt",1,0,0,0,0,1,0,0
"use","dobj_MD","clt",1,0,0,0,0,1,0,0
"use","dobj_MD","clt",1,0,0,0,0,1,0,0
"use","dobj_MD","clt",1,0,0,0,0,1,0,0
"use","dobj_MD","clt",1,0,0,0,0,1,0,0
"use","dobj_MD","clt",1,0,0,0,0,1,0,0
"use","dobj_MD","clt",0,1,0,0,0,0,1,0
"use","dobj_MD","clt",0,1,0,0,0,0,1,0
"use","dobj_MD","clt",1,0,0,0,0,1,0,0
"use","dobj_MD","clt",1,0,0,0,0,1,0,0
"use","dobj_MD","clt",1,0,0,0,0,1,0,0
"use","dobj_MD","clt",1,0,0,0,0,1,0,0
"use","dobj_MD","clt",1,0,0,0,0,1,0,0
"use","dobj_MD","clt",1,0,0,0,0,1,0,0
"use","dobj_MD","clt",1,0,0,0,0,1,0,0
"use","dobj_MD","clt",0,1,0,0,0,0,1,0
"use","dobj_MD","clt",1,0,0,0,0,1,0,0
"use","dobj_MD_neg","clt",0,1,0,0,0,1,0,0
"use","dobj_MD_neg","clt",0,1,0,0,0,1,0,0
"use","dobj_MD_neg","clt",0,1,0,0,0,1,0,0
"use","dobj_MD_neg","clt",0,1,0,0,0,1,0,0
"use","dobj_MD_neg","clt",0,1,0,0,0,1,0,0
"check","dobj_TO","clt",0,1,0,0,0,1,0,0
"check","dobj_TO","clt",0,1,0,0,0,1,0,0
"construct","dobj_TO","clt",1,0,0,0,0,1,0,0
"construct","dobj_TO","clt",0,1,0,0,0,0,1,0
"create","dobj_TO","clt",0,1,0,0,0,0,1,0
"create","dobj_TO","clt",0,1,0,0,0,0,1,0
"create","dobj_TO","clt",0,1,0,0,0,0,1,0
"create","dobj_TO","clt",0,1,0,0,0,0,1,0
"create","dobj_TO","clt",0,1,0,0,0,0,1,0
"create","dobj_TO","clt",1,0,0,0,0,1,0,0
"create","dobj_TO","clt",1,0,0,0,0,1,0,0
"find","dobj_TO","clt",0,1,0,0,1,0,0,0
"find","dobj_TO","clt",0,1,0,0,0,0,1,0
"get","dobj_TO","clt",1,0,0,0,0,1,0,0
"get","dobj_TO","clt",0,1,0,0,0,0,1,0
"note","dobj_TO","clt",1,0,0,0,1,0,0,0
"note","dobj_TO","clt",1,0,0,0,1,0,0,0
"pass","dobj_TO","clt",0,1,0,1,0,0,0,0
"pass","dobj_TO","clt",0,1,0,1,0,0,0,0
"run","dobj_TO","clt",1,0,0,0,0,1,0,0
"run","dobj_TO","clt",1,0,0,0,0,1,0,0
"run","dobj_TO","clt",1,0,0,0,0,1,0,0
"set","dobj_TO","clt",0,1,0,0,0,0,1,0
"set","dobj_TO","clt",1,0,0,0,0,0,1,0
"use","dobj_TO","clt",1,0,0,0,0,1,0,0
"use","dobj_TO","clt",1,0,0,0,0,1,0,0
"use","dobj_TO","clt",0,1,0,0,0,0,1,0
"use","dobj_TO","clt",0,1,0,0,0,0,1,0
"use","dobj_TO","clt",1,0,0,0,0,1,0,0
"use","dobj_TO","clt",1,0,0,0,0,1,0,0
"use","dobj_TO","clt",1,0,0,0,0,1,0,0
"use","dobj_TO","clt",1,0,0,0,0,1,0,0
"use","dobj_TO","clt",1,0,0,0,0,1,0,0
"use","dobj_TO","clt",1,0,0,0,0,1,0,0
"use","dobj_TO","clt",1,0,0,0,0,1,0,0
"use","dobj_TO","clt",1,0,0,0,0,1,0,0
"use","dobj_TO","clt",1,0,0,0,0,1,0,0
"use","dobj_TO","clt",1,0,0,0,0,1,0,0
"use","dobj_TO","clt",1,0,0,0,0,1,0,0
"use","dobj_TO","clt",1,0,0,0,0,1,0,0
"use","dobj_TO","clt",1,0,0,0,0,1,0,0
"use","dobj_TO","clt",1,0,0,0,0,1,0,0
"use","dobj_TO","clt",1,0,0,0,0,1,0,0
"use","dobj_TO","clt",1,0,0,0,0,1,0,0
"use","dobj_TO","clt",1,0,0,0,0,1,0,0
"use","dobj_TO","clt",1,0,0,0,0,1,0,0
"use","dobj_TO","clt",1,0,0,0,0,1,0,0
"have","dobj_VBZ_neg","clt",0,1,0,1,0,0,0,0
"have","dobj_VBZ_neg","clt",0,1,0,1,0,0,0,0
"have","dobj_VBZ_neg","clt",0,1,0,1,0,0,0,0
"clt","infmod","copy",1,0,0,0,1,0,0,0
"clt","infmod","copy",1,0,0,0,1,0,0,0
"clt","infmod","delete",1,0,0,0,1,0,0,0
"clt","infmod","delete",1,0,0,0,1,0,0,0
"clt","infmod","move",1,0,0,0,1,0,0,0
"clt","infmod","move",1,0,0,0,1,0,0,0
"clt","infmod_TO","check",1,0,0,0,1,0,0,0
"clt","infmod_TO","check",1,0,0,0,1,0,0,0
"clt","infmod_TO","find",1,0,0,0,0,1,0,0
"clt","infmod_TO","find",1,0,0,0,1,0,0,0
"clt","infmod_TO","ignore",1,0,0,0,1,0,0,0
"clt","infmod_TO","ignore",1,0,0,0,1,0,0,0
"allow","nsubj","clt",1,0,0,0,1,0,0,0
"allow","nsubj","clt",1,0,0,0,1,0,0,0
"allow","nsubj","clt",1,0,0,0,1,0,0,0
"allow","nsubj","clt",1,0,0,0,1,0,0,0
"belong","nsubj","clt",0,1,0,1,0,0,0,0
"belong","nsubj","clt",0,1,0,1,0,0,0,0
"cause","nsubj","clt",1,0,1,0,0,0,0,0
"cause","nsubj","clt",1,0,1,0,0,0,0,0
"child","nsubj","clt",0,1,0,1,0,0,0,0
"child","nsubj","clt",0,1,0,1,0,0,0,0
"clt","nsubj","document",1,0,0,0,1,0,0,0
"clt","nsubj","document",1,0,0,0,1,0,0,0
"clt","nsubj","element",1,0,0,0,1,0,0,0
"clt","nsubj","element",1,0,0,0,1,0,0,0
"clt","nsubj","example",0,1,0,0,0,0,0,1
"clt","nsubj","example",0,1,0,0,0,0,0,1
"clt","nsubj","operation",1,0,0,0,1,0,0,0
"clt","nsubj","operation",1,0,0,1,0,0,0,0
"clt","nsubj","operation",1,0,0,1,0,0,0,0
"clt","nsubj","set",0,1,0,0,0,1,0,0
"clt","nsubj","set",1,0,0,0,0,1,0,0
"clt","nsubj","value",0,1,0,0,0,0,1,0
"clt","nsubj","value",0,1,0,0,0,0,1,0
"clt","nsubj","value",0,1,0,0,0,0,1,0
"contain","nsubj","clt",1,0,0,1,0,0,0,0
"contain","nsubj","clt",1,0,0,1,0,0,0,0
"contain","nsubj","clt",1,0,0,1,0,0,0,0
"contain","nsubj","clt",1,0,0,1,0,0,0,0
"contain","nsubj","clt",1,0,0,1,0,0,0,0
"contain","nsubj","clt",1,0,0,1,0,0,0,0
"contain","nsubj","clt",1,0,0,1,0,0,0,0
"contain","nsubj","clt",1,0,0,1,0,0,0,0
"contain","nsubj","clt",1,0,0,1,0,0,0,0
"contain","nsubj","clt",1,0,0,1,0,0,0,0
"contain","nsubj","clt",1,0,0,1,0,0,0,0
"contain","nsubj","clt",1,0,0,1,0,0,0,0
"contain","nsubj","clt",1,0,0,1,0,0,0,0
"contain","nsubj","clt",1,0,0,1,0,0,0,0
"contain","nsubj","clt",1,0,0,1,0,0,0,0
"create","nsubj","clt",0,1,1,0,0,0,0,0
"create","nsubj","clt",1,0,1,0,0,0,0,0
"create","nsubj","clt",1,0,1,0,0,0,0,0
"create","nsubj","clt",1,0,1,0,0,0,0,0
"create","nsubj","clt",1,0,1,0,0,0,0,0
"create","nsubj","clt",1,0,1,0,0,0,0,0
"define","nsubj","clt",0,1,0,1,0,0,0,0
"define","nsubj","clt",0,1,0,1,0,0,0,0
"define","nsubj","clt",0,1,0,1,0,0,0,0
"define","nsubj","clt",1,0,0,1,0,0,0,0
"define","nsubj","clt",1,0,0,1,0,0,0,0
"define","nsubj","clt",0,1,0,1,0,0,0,0
"define","nsubj","clt",0,1,0,1,0,0,0,0
"define","nsubj","clt",1,0,0,1,0,0,0,0
"define","nsubj","clt",0,1,0,1,0,0,0,0
"depend","nsubj","clt",1,0,0,0,0,0,1,0
"depend","nsubj","clt",1,0,0,0,0,0,1,0
"do","nsubj","clt",1,0,1,0,0,0,0,0
"do","nsubj","clt",1,0,0,0,1,0,0,0
"enable","nsubj","clt",1,0,0,0,1,0,0,0
"enable","nsubj","clt",1,0,0,0,1,0,0,0
"encapsulate","nsubj","clt",1,0,0,1,0,0,0,0
"encapsulate","nsubj","clt",1,0,0,1,0,0,0,0
"ensure","nsubj","clt",1,0,1,0,0,0,0,0
"ensure","nsubj","clt",1,0,1,0,0,0,0,0
"extend","nsubj","clt",1,0,0,1,0,0,0,0
"extend","nsubj","clt",1,0,0,1,0,0,0,0
"extend","nsubj","clt",1,0,0,1,0,0,0,0
"extend","nsubj","clt",1,0,0,1,0,0,0,0
"generate","nsubj","clt",1,0,1,0,0,0,0,0
"generate","nsubj","clt",1,0,1,0,0,0,0,0
"generate","nsubj","clt",1,0,1,0,0,0,0,0
"generate","nsubj","clt",1,0,1,0,0,0,0,0
"get","nsubj","clt",1,0,0,0,1,0,0,0
"get","nsubj","clt",0,1,0,0,1,0,0,0
"give","nsubj","clt",1,0,0,0,1,0,0,0
"give","nsubj","clt",1,0,0,0,1,0,0,0
"have","nsubj","clt",1,0,0,1,0,0,0,0
"have","nsubj","clt",1,0,0,1,0,0,0,0
"have","nsubj","clt",1,0,0,1,0,0,0,0
"have","nsubj","clt",1,0,0,1,0,0,0,0
"have","nsubj","clt",1,0,0,1,0,0,0,0
"have","nsubj","clt",1,0,0,1,0,0,0,0
"have","nsubj","clt",1,0,0,1,0,0,0,0
"implement","nsubj","clt",1,0,0,1,0,0,0,0
"implement","nsubj","clt",1,0,0,1,0,0,0,0
"implement","nsubj","clt",1,0,0,1,0,0,0,0
"indicate","nsubj","clt",1,0,0,0,1,0,0,0
"indicate","nsubj","clt",1,0,0,0,1,0,0,0
"indicate","nsubj","clt",1,0,0,0,1,0,0,0
"indicate","nsubj","clt",1,0,0,0,1,0,0,0
"indicate","nsubj","clt",1,0,0,0,1,0,0,0
"indicate","nsubj","clt",1,0,0,0,1,0,0,0
"indicate","nsubj","clt",1,0,0,0,1,0,0,0
"indicate","nsubj","clt",1,0,0,0,1,0,0,0
"indicate","nsubj","clt",1,0,0,0,1,0,0,0
"indicate","nsubj","clt",1,0,0,0,1,0,0,0
"indicate","nsubj","clt",1,0,0,0,1,0,0,0
"indicate","nsubj","clt",1,0,0,0,1,0,0,0
"instantiate","nsubj","clt",1,0,0,1,0,0,0,0
"instantiate","nsubj","clt",1,0,0,1,0,0,0,0
"invoke","nsubj","clt",1,0,1,0,0,0,0,0
"invoke","nsubj","clt",1,0,1,0,0,0,0,0
"invoke","nsubj","clt",1,0,1,0,0,0,0,0
"invoke","nsubj","clt",1,0,1,0,0,0,0,0
"list","nsubj","clt",1,0,0,0,1,0,0,0
"list","nsubj","clt",1,0,0,0,1,0,0,0
"list","nsubj","clt",1,0,0,0,1,0,0,0
"map","nsubj","clt",1,0,1,0,0,0,0,0
"map","nsubj","clt",1,0,1,0,0,0,0,0
"map","nsubj","clt",1,0,1,0,0,0,0,0
"map","nsubj","clt",1,0,1,0,0,0,0,0
"map","nsubj","clt",1,0,1,0,0,0,0,0
"map","nsubj","clt",1,0,1,0,0,0,0,0
"map","nsubj","clt",1,0,1,0,0,0,0,0
"map","nsubj","clt",1,0,1,0,0,0,0,0
"map","nsubj","clt",1,0,1,0,0,0,0,0
"map","nsubj","clt",1,0,1,0,0,0,0,0
"map","nsubj","clt",1,0,1,0,0,0,0,0
"map","nsubj","clt",1,0,1,0,0,0,0,0
"map","nsubj","clt",1,0,1,0,0,0,0,0
"mark","nsubj","clt",0,1,1,0,0,0,0,0
"mark","nsubj","clt",0,1,1,0,0,0,0,0
"match","nsubj","clt",0,1,1,0,0,0,0,0
"match","nsubj","clt",0,1,1,0,0,0,0,0
"match","nsubj","clt",1,0,1,0,0,0,0,0
"object","nsubj","clt",0,1,0,1,0,0,0,0
"object","nsubj","clt",0,1,0,1,0,0,0,0
"object","nsubj","clt",0,1,0,1,0,0,0,0
"part","nsubj","clt",1,0,0,1,0,0,0,0
"part","nsubj","clt",1,0,0,1,0,0,0,0
"part","nsubj","clt",1,0,0,1,0,0,0,0
"part","nsubj","clt",1,0,0,1,0,0,0,0
"part","nsubj","clt",0,1,0,1,0,0,0,0
"pass","nsubj","clt",1,0,1,0,0,0,0,0
"pass","nsubj","clt",1,0,1,0,0,0,0,0
"perform","nsubj","clt",1,0,1,0,0,0,0,0
"perform","nsubj","clt",1,0,1,0,0,0,0,0
"perform","nsubj","clt",1,0,1,0,0,0,0,0
"precede","nsubj","clt",0,1,0,0,1,0,0,0
"precede","nsubj","clt",0,1,0,0,1,0,0,0
"provide","nsubj","clt",1,0,0,0,1,0,0,0
"provide","nsubj","clt",1,0,0,1,0,0,0,0
"provide","nsubj","clt",1,0,0,1,0,0,0,0
"provide","nsubj","clt",1,0,0,1,0,0,0,0
"provide","nsubj","clt",1,0,0,0,1,0,0,0
"provide","nsubj","clt",1,0,0,1,0,0,0,0
"provide","nsubj","clt",1,0,0,1,0,0,0,0
"provide","nsubj","clt",1,0,0,0,1,0,0,0
"publicinterface","nsubj","clt",1,0,0,1,0,0,0,0
"publicinterface","nsubj","clt",1,0,0,1,0,0,0,0
"refer","nsubj","clt",0,1,0,0,1,0,0,0
"refer","nsubj","clt",0,1,0,0,1,0,0,0
"refer","nsubj","clt",0,1,0,0,1,0,0,0
"refer","nsubj","clt",0,1,0,0,1,0,0,0
"represent","nsubj","clt",1,0,0,0,1,0,0,0
"represent","nsubj","clt",1,0,0,0,1,0,0,0
"represent","nsubj","clt",1,0,0,0,1,0,0,0
"represent","nsubj","clt",1,0,0,0,1,0,0,0
"represent","nsubj","clt",1,0,0,0,1,0,0,0
"require","nsubj","clt",1,0,0,0,1,0,0,0
"require","nsubj","clt",1,0,0,0,1,0,0,0
"require","nsubj","clt",1,0,0,0,1,0,0,0
"require","nsubj","clt",1,0,0,0,1,0,0,0
"require","nsubj","clt",1,0,0,0,1,0,0,0
"restrictive","nsubj","clt",1,0,0,0,1,0,0,0
"restrictive","nsubj","clt",1,0,0,0,1,0,0,0
"return","nsubj","clt",1,0,1,0,0,0,0,0
"return","nsubj","clt",1,0,1,0,0,0,0,0
"return","nsubj","clt",1,0,1,0,0,0,0,0
"return","nsubj","clt",1,0,1,0,0,0,0,0
"return","nsubj","clt",1,0,1,0,0,0,0,0
"return","nsubj","clt",1,0,1,0,0,0,0,0
"return","nsubj","clt",1,0,1,0,0,0,0,0
"return","nsubj","clt",1,0,1,0,0,0,0,0
"return","nsubj","clt",1,0,1,0,0,0,0,0
"return","nsubj","clt",1,0,1,0,0,0,0,0
"return","nsubj","clt",1,0,1,0,0,0,0,0
"return","nsubj","clt",1,0,1,0,0,0,0,0
"return","nsubj","clt",1,0,1,0,0,0,0,0
"return","nsubj","clt",1,0,1,0,0,0,0,0
"return","nsubj","clt",1,0,1,0,0,0,0,0
"select","nsubj","clt",1,0,1,0,0,0,0,0
"select","nsubj","clt",1,0,1,0,0,0,0,0
"select","nsubj","clt",1,0,1,0,0,0,0,0
"select","nsubj","clt",1,0,1,0,0,0,0,0
"select","nsubj","clt",1,0,1,0,0,0,0,0
"select","nsubj","clt",1,0,1,0,0,0,0,0
"select","nsubj","clt",1,0,1,0,0,0,0,0
"select","nsubj","clt",1,0,1,0,0,0,0,0
"select","nsubj","clt",1,0,1,0,0,0,0,0
"select","nsubj","clt",1,0,1,0,0,0,0,0
"select","nsubj","clt",1,0,1,0,0,0,0,0
"select","nsubj","clt",1,0,1,0,0,0,0,0
"set","nsubj","clt",1,0,1,0,0,0,0,0
"set","nsubj","clt",1,0,1,0,0,0,0,0
"set","nsubj","clt",1,0,1,0,0,0,0,0
"specify","nsubj","clt",1,0,0,0,1,0,0,0
"specify","nsubj","clt",1,0,0,0,1,0,0,0
"specify","nsubj","clt",1,0,0,0,1,0,0,0
"specify","nsubj","clt",1,0,0,0,1,0,0,0
"specify","nsubj","clt",1,0,0,0,1,0,0,0
"specify","nsubj","clt",1,0,0,0,1,0,0,0
"specify","nsubj","clt",1,0,0,0,1,0,0,0
"specify","nsubj","clt",1,0,0,0,1,0,0,0
"specify","nsubj","clt",1,0,0,0,1,0,0,0
"specify","nsubj","clt",1,0,0,0,1,0,0,0
"specify","nsubj","clt",1,0,0,0,1,0,0,0
"subtype","nsubj","clt",1,0,0,1,0,0,0,0
"subtype","nsubj","clt",1,0,0,1,0,0,0,0
"subtype","nsubj","clt",1,0,0,1,0,0,0,0
"subtype","nsubj","clt",1,0,0,1,0,0,0,0
"subtype","nsubj","clt",1,0,0,1,0,0,0,0
"subtype","nsubj","clt",1,0,0,1,0,0,0,0
"subtype","nsubj","clt",1,0,0,1,0,0,0,0
"take","nsubj","clt",1,0,0,1,0,0,0,0
"take","nsubj","clt",1,0,0,1,0,0,0,0
"take","nsubj","clt",1,0,0,1,0,0,0,0
"take","nsubj","clt",1,0,0,1,0,0,0,0
"take","nsubj","clt",1,0,0,1,0,0,0,0
"take","nsubj","clt",1,0,0,1,0,0,0,0
"take","nsubj","clt",1,0,0,1,0,0,0,0
"take","nsubj","clt",1,0,0,1,0,0,0,0
"tell","nsubj","clt",1,0,0,0,1,0,0,0
"tell","nsubj","clt",1,0,0,0,1,0,0,0
"tell","nsubj","clt",1,0,0,0,1,0,0,0
"tell","nsubj","clt",1,0,0,0,1,0,0,0
"tell","nsubj","clt",1,0,0,0,1,0,0,0
"use","nsubj","clt",1,0,1,0,0,0,0,0
"use","nsubj","clt",1,0,1,0,0,0,0,0
"use","nsubj","clt",0,1,0,0,0,0,1,0
"use","nsubj","clt",1,0,0,0,1,0,0,0
"use","nsubj","clt",1,0,0,0,1,0,0,0
"use","nsubj","clt",1,0,0,0,1,0,0,0
"use","nsubj","clt",1,0,0,0,1,0,0,0
"use","nsubj","clt",1,0,0,0,1,0,0,0
"use","nsubj","clt",1,0,0,0,1,0,0,0
"use","nsubj","clt",1,0,0,0,1,0,0,0
"use","nsubj","clt",1,0,0,0,1,0,0,0
"use","nsubj","clt",1,0,0,0,1,0,0,0
"contain","nsubj_MD","clt",0,1,0,1,0,0,0,0
"contain","nsubj_MD","clt",0,1,0,1,0,0,0,0
"create","nsubj_MD","clt",1,0,1,0,0,0,0,0
"create","nsubj_MD","clt",1,0,1,0,0,0,0,0
"have","nsubj_MD","clt",1,0,0,1,0,0,0,0
"have","nsubj_MD","clt",1,0,0,1,0,0,0,0
"print","nsubj_MD","clt",1,0,1,0,0,0,0,0
"print","nsubj_MD","clt",1,0,1,0,0,0,0,0
"print","nsubj_MD","clt",1,0,1,0,0,0,0,0
"print","nsubj_MD","clt",1,0,1,0,0,0,0,0
"print","nsubj_MD","clt",1,0,1,0,0,0,0,0
"use","nsubj_VBZ","clt",1,0,0,0,1,0,0,0
"use","nsubj_VBZ","clt",1,0,0,0,1,0,0,0
"argument","prep_as","clt",0,1,0,0,0,0,1,0
"argument","prep_as","clt",0,1,0,0,0,0,1,0
"use","prep_as","clt",0,1,0,0,0,0,1,0
"use","prep_as","clt",0,1,0,0,0,0,1,0
"appear","prep_as_MD","clt",0,1,0,0,0,0,1,0
"appear","prep_as_MD","clt",0,1,0,0,0,0,1,0
"define","prep_as_TO","clt",0,1,0,0,0,0,1,0
"define","prep_as_TO","clt",0,1,0,0,0,0,1,0
"clt","prep_because","clt",0,1,0,0,0,0,1,0
"clt","prep_because","clt",0,1,0,0,0,0,1,0
"define","prep_by","clt",1,0,0,0,0,0,1,0
"define","prep_by","clt",1,0,0,0,0,0,1,0
"clt","prep_for","example",0,1,0,0,1,0,0,0
"clt","prep_for","example",0,1,0,0,1,0,0,0
"clt","prep_for","example",0,1,0,0,1,0,0,0
"code","prep_for","clt",1,0,0,0,1,0,0,0
"code","prep_for","clt",1,0,0,0,1,0,0,0
"code","prep_for","clt",1,0,0,0,1,0,0,0
"generate","prep_for","clt",1,0,0,0,1,0,0,0
"generate","prep_for","clt",1,0,0,0,1,0,0,0
"initialvalue","prep_for","clt",1,0,1,0,0,0,0,0
"initialvalue","prep_for","clt",1,0,1,0,0,0,0,0
"method","prep_for","clt",0,1,0,1,0,0,0,0
"method","prep_for","clt",0,1,0,1,0,0,0,0
"request","prep_for","clt",1,0,0,0,1,0,0,0
"request","prep_for","clt",1,0,0,0,1,0,0,0
"adapt","prep_from","clt",0,1,0,1,0,0,0,0
"adapt","prep_from","clt",0,1,0,1,0,0,0,0
"inherit","prep_from","clt",0,1,0,1,0,0,0,0
"inherit","prep_from","clt",0,1,0,1,0,0,0,0
"remove","prep_from","clt",0,1,0,0,0,1,0,0
"remove","prep_from","clt",0,1,0,0,0,1,0,0
"be","prep_in","clt",1,0,0,1,0,0,0,0
"be","prep_in","clt",1,0,0,1,0,0,0,0
"be","prep_in","clt",1,0,0,1,0,0,0,0
"be","prep_in","clt",1,0,0,1,0,0,0,0
"be","prep_in","clt",1,0,0,1,0,0,0,0
"be","prep_in","clt",1,0,0,1,0,0,0,0
"be","prep_in","clt",1,0,0,1,0,0,0,0
"be","prep_in","clt",1,0,0,1,0,0,0,0
"be","prep_in","clt",1,0,0,1,0,0,0,0
"be","prep_in","clt",1,0,0,1,0,0,0,0
"be","prep_in","clt",1,0,0,1,0,0,0,0
"be","prep_in","clt",1,0,0,1,0,0,0,0
"be","prep_in","clt",1,0,0,1,0,0,0,0
"class","prep_in","clt",1,0,0,1,0,0,0,0
"class","prep_in","clt",1,0,0,1,0,0,0,0
"class","prep_in","clt",1,0,0,1,0,0,0,0
"class","prep_in","clt",1,0,0,1,0,0,0,0
"class","prep_in","clt",1,0,0,1,0,0,0,0
"class","prep_in","clt",1,0,0,1,0,0,0,0
"class","prep_in","clt",1,0,0,1,0,0,0,0
"class","prep_in","clt",1,0,0,1,0,0,0,0
"constructor","prep_in","clt",1,0,0,1,0,0,0,0
"constructor","prep_in","clt",1,0,0,1,0,0,0,0
"contain","prep_in","clt",0,1,0,1,0,0,0,0
"contain","prep_in","clt",0,1,0,1,0,0,0,0
"define","prep_in","clt",0,1,0,1,0,0,0,0
"define","prep_in","clt",0,1,0,1,0,0,0,0
"define","prep_in","clt",0,1,0,1,0,0,0,0
"define","prep_in","clt",0,1,0,1,0,0,0,0
"define","prep_in","clt",0,1,0,1,0,0,0,0
"define","prep_in","clt",0,1,0,1,0,0,0,0
"define","prep_in","clt",0,1,0,1,0,0,0,0
"define","prep_in","clt",0,1,0,1,0,0,0,0
"define","prep_in","clt",0,1,0,1,0,0,0,0
"define","prep_in","clt",0,1,0,1,0,0,0,0
"find","prep_in","clt",0,1,0,1,0,0,0,0
"find","prep_in","clt",0,1,0,1,0,0,0,0
"find","prep_in","clt",0,1,0,1,0,0,0,0
"find","prep_in","clt",0,1,0,1,0,0,0,0
"find","prep_in","clt",0,1,0,1,0,0,0,0
"find","prep_in","clt",0,1,0,1,0,0,0,0
"find","prep_in","clt",0,1,0,1,0,0,0,0
"find","prep_in","clt",0,1,0,1,0,0,0,0
"find","prep_in","clt",0,1,0,1,0,0,0,0
"find","prep_in","clt",0,1,0,1,0,0,0,0
"find","prep_in","clt",0,1,0,1,0,0,0,0
"find","prep_in","clt",0,1,0,1,0,0,0,0
"find","prep_in","clt",0,1,0,1,0,0,0,0
"find","prep_in","clt",0,1,0,1,0,0,0,0
"method","prep_in","clt",1,0,0,1,0,0,0,0
"method","prep_in","clt",1,0,0,1,0,0,0,0
"insert","prep_into_MD","clt",1,0,0,1,0,0,0,0
"insert","prep_into_MD","clt",1,0,0,1,0,0,0,0
"look","prep_like","clt",0,1,0,0,1,0,0,0
"look","prep_like","clt",0,1,0,0,1,0,0,0
"attribute","prep_of","clt",1,0,0,1,0,0,0,0
"attribute","prep_of","clt",1,0,0,1,0,0,0,0
"attribute","prep_of","clt",1,0,0,1,0,0,0,0
"attribute","prep_of","clt",1,0,0,1,0,0,0,0
"attribute","prep_of","clt",1,0,0,1,0,0,0,0
"attribute","prep_of","clt",1,0,0,1,0,0,0,0
"attribute","prep_of","clt",1,0,0,1,0,0,0,0
"beginning","prep_of","clt",0,1,0,1,0,0,0,0
"beginning","prep_of","clt",0,1,0,1,0,0,0,0
"body","prep_of","clt",1,0,0,1,0,0,0,0
"body","prep_of","clt",1,0,0,1,0,0,0,0
"child","prep_of","clt",0,1,0,1,0,0,0,0
"child","prep_of","clt",0,1,0,1,0,0,0,0
"consist","prep_of","clt",0,1,0,1,0,0,0,0
"consist","prep_of","clt",0,1,0,1,0,0,0,0
"consist","prep_of","clt",0,1,0,1,0,0,0,0
"consist","prep_of","clt",0,1,0,1,0,0,0,0
"content","prep_of","clt",1,0,0,1,0,0,0,0
"content","prep_of","clt",1,0,0,1,0,0,0,0
"content","prep_of","clt",1,0,0,1,0,0,0,0
"contents","prep_of","clt",1,0,0,1,0,0,0,0
"contents","prep_of","clt",1,0,0,1,0,0,0,0
"contents","prep_of","clt",1,0,0,1,0,0,0,0
"contents","prep_of","clt",1,0,0,1,0,0,0,0
"contents","prep_of","clt",1,0,0,1,0,0,0,0
"contents","prep_of","clt",1,0,0,1,0,0,0,0
"contents","prep_of","clt",1,0,0,1,0,0,0,0
"contents","prep_of","clt",1,0,0,1,0,0,0,0
"contents","prep_of","clt",1,0,0,1,0,0,0,0
"declaration","prep_of","clt",1,0,0,1,0,0,0,0
"declaration","prep_of","clt",1,0,0,1,0,0,0,0
"declaration","prep_of","clt",1,0,0,1,0,0,0,0
"declaration","prep_of","clt",1,0,0,1,0,0,0,0
"declaration","prep_of","clt",1,0,0,1,0,0,0,0
"form","prep_of","clt",0,1,0,1,0,0,0,0
"form","prep_of","clt",0,1,0,1,0,0,0,0
"form","prep_of","clt",1,0,0,1,0,0,0,0
"form","prep_of","clt",1,0,0,1,0,0,0,0
"implementation","prep_of","clt",0,1,0,1,0,0,0,0
"implementation","prep_of","clt",0,1,0,1,0,0,0,0
"implementation","prep_of","clt",0,1,0,1,0,0,0,0
"implementation","prep_of","clt",0,1,0,1,0,0,0,0
"implementation","prep_of","clt",0,1,0,1,0,0,0,0
"instance","prep_of","clt",1,0,1,0,0,0,0,0
"instance","prep_of","clt",1,0,1,0,0,0,0,0
"instance","prep_of","clt",1,0,1,0,0,0,0,0
"instance","prep_of","clt",1,0,1,0,0,0,0,0
"instance","prep_of","clt",1,0,1,0,0,0,0,0
"instance","prep_of","clt",1,0,1,0,0,0,0,0
"instance","prep_of","clt",1,0,1,0,0,0,0,0
"instance","prep_of","clt",1,0,1,0,0,0,0,0
"instance","prep_of","clt",1,0,1,0,0,0,0,0
"instance","prep_of","clt",1,0,1,0,0,0,0,0
"instance","prep_of","clt",1,0,1,0,0,0,0,0
"instance","prep_of","clt",1,0,1,0,0,0,0,0
"instance","prep_of","clt",1,0,1,0,0,0,0,0
"instance","prep_of","clt",1,0,1,0,0,0,0,0
"instance","prep_of","clt",1,0,1,0,0,0,0,0
"instance","prep_of","clt",1,0,1,0,0,0,0,0
"invocation","prep_of","clt",1,0,0,0,1,0,0,0
"invocation","prep_of","clt",1,0,0,0,1,0,0,0
"list","prep_of","clt",0,1,0,1,0,0,0,0
"list","prep_of","clt",1,0,0,1,0,0,0,0
"list","prep_of","clt",1,0,0,1,0,0,0,0
"list","prep_of","clt",1,0,0,1,0,0,0,0
"list","prep_of","clt",1,0,0,1,0,0,0,0
"list","prep_of","clt",1,0,0,1,0,0,0,0
"list","prep_of","clt",1,0,0,1,0,0,0,0
"list","prep_of","clt",1,0,0,1,0,0,0,0
"list","prep_of","clt",1,0,0,1,0,0,0,0
"list","prep_of","clt",1,0,0,1,0,0,0,0
"list","prep_of","clt",1,0,0,1,0,0,0,0
"list","prep_of","clt",1,0,0,1,0,0,0,0
"list","prep_of","clt",1,0,0,1,0,0,0,0
"method","prep_of","clt",1,0,0,1,0,0,0,0
"method","prep_of","clt",1,0,0,1,0,0,0,0
"method","prep_of","clt",1,0,0,1,0,0,0,0
"method","prep_of","clt",1,0,0,1,0,0,0,0
"method","prep_of","clt",1,0,0,1,0,0,0,0
"occurrence","prep_of","clt",1,0,0,0,1,0,0,0
"occurrence","prep_of","clt",1,0,0,0,1,0,0,0
"occurrence","prep_of","clt",1,0,0,0,1,0,0,0
"occurrence","prep_of","clt",1,0,0,1,0,0,0,0
"overloading","prep_of","clt",0,1,0,1,0,0,0,0
"overloading","prep_of","clt",0,1,0,1,0,0,0,0
"parent","prep_of","clt",1,0,0,1,0,0,0,0
"parent","prep_of","clt",1,0,0,1,0,0,0,0
"part","prep_of","clt",0,1,0,1,0,0,0,0
"part","prep_of","clt",0,1,0,1,0,0,0,0
"part","prep_of","clt",0,1,0,1,0,0,0,0
"part","prep_of","clt",0,1,0,1,0,0,0,0
"subclass","prep_of","clt",0,1,0,1,0,0,0,0
"subclass","prep_of","clt",0,1,0,1,0,0,0,0
"subclass","prep_of","clt",0,1,0,1,0,0,0,0
"subclass","prep_of","clt",0,1,0,1,0,0,0,0
"subclass","prep_of","clt",0,1,0,1,0,0,0,0
"subclass","prep_of","clt",0,1,0,1,0,0,0,0
"subclass","prep_of","clt",0,1,0,1,0,0,0,0
"subtype","prep_of","clt",0,1,0,1,0,0,0,0
"subtype","prep_of","clt",0,1,0,1,0,0,0,0
"subtype","prep_of","clt",0,1,0,1,0,0,0,0
"subtype","prep_of","clt",0,1,0,1,0,0,0,0
"subtype","prep_of","clt",0,1,0,1,0,0,0,0
"subtype","prep_of","clt",0,1,0,1,0,0,0,0
"subtype","prep_of","clt",0,1,0,1,0,0,0,0
"subtype","prep_of","clt",0,1,0,1,0,0,0,0
"subtype","prep_of","clt",0,1,0,1,0,0,0,0
"subtype","prep_of","clt",0,1,0,1,0,0,0,0
"subtype","prep_of","clt",0,1,0,1,0,0,0,0
"subtype","prep_of","clt",0,1,0,1,0,0,0,0
"supertype","prep_of","clt",1,0,0,1,0,0,0,0
"supertype","prep_of","clt",1,0,0,1,0,0,0,0
"text","prep_of","clt",1,0,0,1,0,0,0,0
"text","prep_of","clt",1,0,0,1,0,0,0,0
"type","prep_of","clt",1,0,0,1,0,0,0,0
"type","prep_of","clt",1,0,0,1,0,0,0,0
"use","prep_of","clt",1,0,0,0,1,0,0,0
"use","prep_of","clt",0,1,0,0,1,0,0,0
"use","prep_of","clt",1,0,0,0,1,0,0,0
"use","prep_of","clt",1,0,0,0,1,0,0,0
"use","prep_of","clt",1,0,0,0,1,0,0,0
"use","prep_of","clt",1,0,0,0,1,0,0,0
"use","prep_of","clt",1,0,0,0,1,0,0,0
"value","prep_of","clt",1,0,1,0,0,0,0,0
"value","prep_of","clt",1,0,1,0,0,0,0,0
"value","prep_of","clt",1,0,1,0,0,0,0,0
"value","prep_of","clt",1,0,1,0,0,0,0,0
"value","prep_of","clt",1,0,1,0,0,0,0,0
"value","prep_of","clt",1,0,1,0,0,0,0,0
"value","prep_of","clt",1,0,1,0,0,0,0,0
"value","prep_of","clt",1,0,1,0,0,0,0,0
"value","prep_of","clt",1,0,1,0,0,0,0,0
"value","prep_of","clt",1,0,1,0,0,0,0,0
"value","prep_of","clt",1,0,1,0,0,0,0,0
"value","prep_of","clt",1,0,1,0,0,0,0,0
"be","prep_of_TO","clt",1,0,0,1,0,0,0,0
"be","prep_of_TO","clt",1,0,0,1,0,0,0,0
"be","prep_of_TO_TO","clt",1,0,0,1,0,0,0,0
"be","prep_of_TO_TO","clt",1,0,0,1,0,0,0,0
"available","prep_on","clt",0,1,0,0,1,0,0,0
"available","prep_on","clt",0,1,0,0,1,0,0,0
"information","prep_on","clt",0,1,0,0,0,0,0,1
"information","prep_on","clt",0,1,0,0,0,0,0,1
"run","prep_on","clt",0,1,0,0,0,1,0,0
"run","prep_on","clt",0,1,0,0,0,1,0,0
"run","prep_on","clt",0,1,0,0,0,1,0,0
"run","prep_on","clt",0,1,0,0,0,1,0,0
"run","prep_on","clt",0,1,0,0,0,1,0,0
"run","prep_on","clt",0,1,0,0,0,1,0,0
"run","prep_on","clt",0,1,0,0,0,1,0,0
"run","prep_on","clt",0,1,0,0,0,1,0,0
"clt-Naminglistenerinterfaces","prep_such_as","clt",0,1,0,0,1,0,0,0
"clt-Naminglistenerinterfaces","prep_such_as","clt",0,1,0,0,1,0,0,0
"element","prep_such_as","clt",0,1,0,0,1,0,0,0
"element","prep_such_as","clt",0,1,0,0,1,0,0,0
"element","prep_such_as","clt",0,1,0,0,1,0,0,0
"staticfield","prep_such_as","clt",0,1,0,0,1,0,0,0
"staticfield","prep_such_as","clt",0,1,0,0,1,0,0,0
"subtype","prep_such_as","clt",0,1,0,0,1,0,0,0
"subtype","prep_such_as","clt",0,1,0,0,1,0,0,0
"subtype","prep_such_as","clt",0,1,0,0,1,0,0,0
"supertype","prep_such_as","clt",0,1,0,0,1,0,0,0
"supertype","prep_such_as","clt",0,1,0,0,1,0,0,0
"supertype","prep_such_as","clt",0,1,0,0,1,0,0,0
"tag","prep_such_as","clt",0,1,0,0,1,0,0,0
"tag","prep_such_as","clt",0,1,0,0,1,0,0,0
"tag","prep_such_as","clt",0,1,0,0,1,0,0,0
"tag","prep_such_as","clt",0,1,0,0,1,0,0,0
"tag","prep_such_as","clt",0,1,0,0,1,0,0,0
"tag","prep_such_as","clt",0,1,0,0,1,0,0,0
"tag","prep_such_as","clt",0,1,0,0,1,0,0,0
"tag","prep_such_as","clt",0,1,0,0,1,0,0,0
"define","prep_through","clt",0,1,0,0,0,0,1,0
"define","prep_through","clt",0,1,0,0,0,0,1,0
"add","prep_to","clt",1,0,0,0,0,1,0,0
"add","prep_to","clt",1,0,0,0,0,1,0,0
"add","prep_to","clt",1,0,0,0,0,1,0,0
"add","prep_to","clt",1,0,0,0,0,1,0,0
"add","prep_to","clt",1,0,0,0,0,1,0,0
"add","prep_to","clt",1,0,0,0,0,1,0,0
"add","prep_to","clt",1,0,0,0,0,1,0,0
"add","prep_to","clt",1,0,0,0,0,1,0,0
"add","prep_to","clt",1,0,0,0,0,1,0,0
"cast","prep_to","clt",0,1,0,0,0,0,1,0
"cast","prep_to","clt",0,1,0,0,0,0,1,0
"change","prep_to","clt",1,0,0,0,0,0,1,0
"change","prep_to","clt",1,0,0,0,0,0,1,0
"convert","prep_to","clt",0,1,0,0,0,0,0,1
"convert","prep_to","clt",0,1,0,0,0,0,0,1
"navigate","prep_to","clt",1,0,0,0,0,1,0,0
"navigate","prep_to","clt",1,0,0,0,0,1,0,0
"pass","prep_to","clt",1,0,0,0,0,0,1,0
"pass","prep_to","clt",1,0,0,0,0,0,1,0
"pass","prep_to","clt",1,0,0,0,0,0,1,0
"pass","prep_to","clt",1,0,0,0,0,0,1,0
"pass","prep_to","clt",1,0,0,0,0,0,1,0
"pass","prep_to","clt",1,0,0,0,0,0,1,0
"pass","prep_to","clt",1,0,0,0,0,0,1,0
"pass","prep_to","clt",1,0,0,0,0,0,1,0
"pass","prep_to","clt",1,0,0,0,0,0,1,0
"pass","prep_to","clt",1,0,0,0,0,0,1,0
"refer","prep_to","clt",0,1,0,0,0,0,1,0
"refer","prep_to","clt",1,0,0,0,0,0,1,0
"relative","prep_to","clt",0,1,0,0,0,0,0,1
"relative","prep_to","clt",0,1,0,0,0,0,0,1
"return","prep_to","clt",1,0,0,0,0,0,1,0
"return","prep_to","clt",1,0,0,0,0,0,1,0
"set","prep_to","clt",1,0,0,0,0,1,0,0
"set","prep_to","clt",1,0,0,0,0,1,0,0
"set","prep_to","clt",0,1,0,0,0,1,0,0
"set","prep_to","clt",0,1,0,0,0,1,0,0
"set","prep_to","clt",0,1,0,0,0,1,0,0
"similar","prep_to","clt",0,1,0,0,0,0,1,0
"similar","prep_to","clt",0,1,0,0,0,0,1,0
"similar","prep_to","clt",0,1,0,0,0,0,1,0
"tag","prep_to","clt",0,1,0,0,0,1,0,0
"tag","prep_to","clt",0,1,0,0,0,1,0,0
"write","prep_to","clt",0,1,0,0,0,1,0,0
"write","prep_to","clt",0,1,0,0,0,1,0,0
"convert","prep_to_MD","clt",0,1,0,0,0,0,1,0
"convert","prep_to_MD","clt",0,1,0,0,0,0,1,0
"convert","prep_to_TO","clt",0,1,0,0,0,0,1,0
"convert","prep_to_TO","clt",0,1,0,0,0,0,1,0
"go","prep_to_TO","clt",0,1,0,0,0,0,1,0
"go","prep_to_TO","clt",0,1,0,0,0,0,1,0
"go","prep_to_TO","clt",0,1,0,0,0,0,1,0
"refer","prep_to_TO","clt",1,0,0,0,0,0,1,0
"refer","prep_to_TO","clt",1,0,0,0,0,0,1,0
"associate","prep_with","clt",1,0,0,0,1,0,0,0
"associate","prep_with","clt",1,0,0,0,1,0,0,0
"associate","prep_with","clt",1,0,0,0,1,0,0,0
"associate","prep_with","clt",1,0,0,0,1,0,0,0
"associate","prep_with","clt",1,0,0,0,1,0,0,0
"associate","prep_with","clt",1,0,0,0,1,0,0,0
"invoke","prep_with","clt",0,1,0,0,0,0,1,0
"invoke","prep_with","clt",0,1,0,0,0,0,1,0
"invoke","prep_with","clt",0,1,0,0,0,0,1,0
"register","prep_with","clt",0,1,0,0,0,0,1,0
"register","prep_with","clt",0,1,0,0,0,0,1,0
"register","prep_with","clt",0,1,0,0,0,0,1,0
"replace","prep_with","clt",1,0,0,0,0,0,1,0
"replace","prep_with","clt",1,0,0,0,0,0,1,0
"replace","prep_with","clt",1,0,0,0,0,0,1,0
"start","prep_with","clt",0,1,0,0,0,0,1,0
"start","prep_with","clt",0,1,0,0,0,0,1,0
"start","prep_with","clt",0,1,0,0,0,0,1,0
"register","prep_with_MD","clt",0,1,0,0,0,0,1,0
"register","prep_with_MD","clt",0,1,0,0,0,0,1,0
"clt","rcmod","add",1,0,1,0,0,0,0,0
"clt","rcmod","add",1,0,1,0,0,0,0,0
"clt","rcmod","be",1,0,0,0,1,0,0,0
"clt","rcmod","be",1,0,0,0,1,0,0,0
"clt","rcmod","be",1,0,0,0,1,0,0,0
"clt","rcmod","contain",1,0,0,1,0,0,0,0
"clt","rcmod","contain",1,0,0,1,0,0,0,0
"clt","rcmod","contain",1,0,0,1,0,0,0,0
"clt","rcmod","create",1,0,1,0,0,0,0,0
"clt","rcmod","create",1,0,1,0,0,0,0,0
"clt","rcmod","create",1,0,1,0,0,0,0,0
"clt","rcmod","implement",1,0,0,1,0,0,0,0
"clt","rcmod","implement",1,0,0,1,0,0,0,0
"clt","rcmod","operate",1,0,1,0,0,0,0,0
"clt","rcmod","operate",1,0,1,0,0,0,0,0
"clt","rcmod","use",1,0,0,0,1,0,0,0
"clt","rcmod","use",1,0,0,0,1,0,0,0
"clt","rcmod","use",1,0,0,0,1,0,0,0
"clt","rcmod","use",1,0,0,0,1,0,0,0
"clt","rcmod_MD","use",1,0,0,0,1,0,0,0
"clt","rcmod_MD","use",1,0,0,0,1,0,0,0
"compile","nsubjpass","clt",1,0,0,0,1,0,0,0
"compile","nsubjpass","clt",1,0,0,0,1,0,0,0
"compile","nsubjpass","clt",1,0,0,0,0,1,0,0
"compile","nsubjpass","clt",1,0,0,0,1,0,0,0
"throw","nsubjpass","clt",0,1,0,0,0,0,1,0
"throw","nsubjpass","clt",0,1,0,0,0,0,1,0
"throw","nsubjpass","clt",0,1,0,0,0,0,1,0
"throw","nsubjpass","clt",0,1,0,0,0,0,1,0
"invoke","nsubjpass","clt",1,0,0,0,0,0,1,0
"invoke","nsubjpass","clt",1,0,0,0,0,0,1,0
"invoke","nsubjpass","clt",1,0,0,0,0,0,1,0
"invoke","nsubjpass","clt",1,0,0,0,0,0,1,0
"invoke","nsubjpass","clt",1,0,0,0,0,0,1,0
"define","nsubjpass","clt",1,0,0,0,0,0,1,0
"define","nsubjpass","clt",1,0,0,0,0,0,1,0
"define","nsubjpass","clt",1,0,0,0,0,0,1,0
"define","nsubjpass","clt",1,0,0,0,0,0,1,0
"define","nsubjpass","clt",1,0,0,0,0,0,1,0
"define","nsubjpass","clt",1,0,0,0,0,0,1,0
"define","nsubjpass","clt",0,1,0,0,0,0,1,0
"define","nsubjpass","clt",0,1,0,0,0,0,1,0
"use","nsubjpass","clt",1,0,0,0,0,0,1,0
"use","nsubjpass","clt",1,0,0,0,0,0,1,0
"use","nsubjpass","clt",1,0,0,0,0,0,1,0
"use","nsubjpass","clt",1,0,0,0,0,0,1,0
"use","nsubjpass","clt",1,0,0,0,0,0,1,0
"use","nsubjpass","clt",1,0,0,0,0,0,1,0
"use","nsubjpass","clt",1,0,0,0,0,0,1,0
"use","nsubjpass","clt",1,0,0,0,0,0,1,0
"use","nsubjpass","clt",1,0,0,0,0,0,1,0
"use","nsubjpass","clt",1,0,0,0,0,0,1,0
"use","nsubjpass","clt",1,0,0,0,0,0,1,0
"use","nsubjpass","clt",1,0,0,0,0,0,1,0
"specify","nsubjpass","clt",0,1,0,0,0,0,1,0
"specify","nsubjpass","clt",0,1,0,0,0,0,1,0
"create","nsubjpass","clt",0,1,0,0,0,0,1,0
"create","nsubjpass","clt",1,0,0,0,0,0,1,0
"create","nsubjpass","clt",1,0,0,0,0,0,1,0
"create","nsubjpass","clt",1,0,0,0,0,0,1,0
"create","nsubjpass","clt",1,0,0,0,0,0,1,0
"affect","nsubjpass","clt",1,0,0,0,0,0,1,0
"affect","nsubjpass","clt",1,0,0,0,0,1,0,0
"return","nsubjpass","clt",1,0,0,0,0,0,1,0
"return","nsubjpass","clt",1,0,0,0,0,0,1,0
"return","nsubjpass","clt",1,0,0,0,0,0,1,0
"use","nsubjpass_MD","clt",1,0,0,0,0,0,1,0
"use","nsubjpass_MD","clt",1,0,0,0,0,0,1,0
"use","nsubjpass_MD","clt",1,0,0,0,0,0,1,0
"use","nsubjpass_MD","clt",1,0,0,0,0,0,1,0
"use","nsubjpass_MD","clt",1,0,0,0,0,0,1,0
"call","nsubjpass_MD","clt",1,0,0,0,0,0,1,0
"call","nsubjpass_MD","clt",1,0,0,0,0,0,1,0
"throw","nsubjpass_MD","clt",0,1,0,0,0,0,1,0
"throw","nsubjpass_MD","clt",0,1,0,0,0,0,1,0
"throw","nsubjpass_MD","clt",0,1,0,0,0,0,1,0
"throw","nsubjpass_MD","clt",0,1,0,0,0,0,1,0
"throw","nsubjpass_MD","clt",0,1,0,0,0,0,1,0
